query,response
"Hello, I have a question about my order.",Sure, I can help you with that. What's your order number?
"Hi, I need to return an item.",I'm sorry to hear that. What's your order number?
"Hello, I have a question about my order.",Sure, I can help you with that. What's your order number?
"Hi, I need to return an item.",I'm sorry to hear that. What's your order number?
"Hello, I have a question about my order.",Sure, I can help you with that. What's your order number?
"Hi, I need to return an item.",I'm sorry to hear that. What's your order number?
"Hello, I have a question about my order.",Sure, I can help you with that. What's your order number?
"Hi, I need to return an item.",I'm sorry to hear that. What's your order number?
"Hello, I have a question about my order.",Sure, I can help you with that. What's your order number?
"Hi, I need to return an item.",I'm sorry to hear that. What's your order number?
"Hello, I have a question about my order.",Sure, I can help you with that. What's your order number?
"Hi, I need to return an item.",I'm sorry to hear that. What's your order number?
"Hello, I have a question about my order.",Sure, I can help you with that. What's your order number?
"Hi, I need to return an item.",I'm sorry to hear that. What's your order number?
"Hello, I have a question about my order.",Sure, I can help you with that. What's your order number?
"Hi, I need to return an item.",I'm sorry to hear that. What's your order number?
"Hello, I have a question about my order.",Sure, I can help you with that. What's your order number?
"Hi, I need to return an item.",I'm sorry to hear that. What's your order number?
"Hello, I have a question about my order.",Sure, I can help you with that. What's your order number?
"Hi, I need to return an item.",I'm sorry to hear that. What's your order number?
"Hello, I have a question about my order.",Sure, I can help you with that. What's your order number?